Code,Precipitaiton
000,Note Used
001,1.1 to 1.5
002,1.6 to 2.4
003,2.5 to 3.5
004,3.6 to 4.4
005,4.5 to 5.5
006,5.6 to 6.4
007,6.5 to 7.5
008,7.6 to 8.4
009,8.5 to 9.5
010,9.6 to 10.4
011,10.5 to 11.5
012,11.6 to 12.4
013,12.5 to 13.5
014,13.6 to 14.4
015,14.5 to 15.5
016,15.6 to 16.4
017,16.5 to 17.5
018,17.6 to 18.4
019,18.5 to 19.5
020,19.6 to 20.4
021,20.5 to 21.5
022,21.6 to 22.4
023,22.5 to 23.5
024,23.6 to 24.4
025,24.5 to 25.5
026,25.6 to 26.4
027,26.5 to 27.5
028,27.6 to 28.4
029,28.5 to 29.5
030,29.6 to 30.4
031,30.5 to 31.5
032,31.6 to 32.4
033,32.5 to 33.5
034,33.6 to 34.4
035,34.5 to 35.5
036,35.6 to 36.4
037,36.5 to 37.5
038,37.6 to 38.4
039,38.5 to 39.5
040,39.6 to 40.4
041,40.5 to 41.5
042,41.6 to 42.4
043,42.5 to 43.5
044,43.6 to 44.4
045,44.5 to 45.5
046,45.6 to 46.4
047,46.5 to 47.5
048,47.6 to 48.4
049,48.5 to 49.5
050,49.6 to 50.4
051,50.5 to 51.5
052,51.6 to 52.4
053,52.5 to 53.5
054,53.6 to 54.4
055,54.5 to 55.5
056,55.6 to 56.4
057,56.5 to 57.5
058,57.6 to 58.4
059,58.5 to 59.5
060,59.6 to 60.4
061,60.5 to 61.5
062,61.6 to 62.4
063,62.5 to 63.5
064,63.6 to 64.4
065,64.5 to 65.5
066,65.6 to 66.4
067,66.5 to 67.5
068,67.6 to 68.4
069,68.5 to 69.5
070,69.6 to 70.4
071,70.5 to 71.5
072,71.6 to 72.4
073,72.5 to 73.5
074,73.6 to 74.4
075,74.5 to 75.5
076,75.6 to 76.4
077,76.5 to 77.5
078,77.6 to 78.4
079,78.5 to 79.5
080,79.6 to 80.4
081,80.5 to 81.5
082,81.6 to 82.4
083,82.5 to 83.5
084,83.6 to 84.4
085,84.5 to 85.5
086,85.6 to 86.4
087,86.5 to 87.5
088,87.6 to 88.4
089,88.5 to 89.5
090,89.6 to 90.4
091,90.5 to 91.5
092,91.6 to 92.4
093,92.5 to 93.5
094,93.6 to 94.4
095,94.5 to 95.5
096,95.6 to 96.4
097,96.5 to 97.5
098,97.6 to 98.4
099,98.5 to 99.5
100,99.6 to 100.4
101,100.5 to 101.5
102,101.6 to 102.4
103,102.5 to 103.5
104,103.6 to 104.4
105,104.5 to 105.5
106,105.6 to 106.4
107,106.5 to 107.5
108,107.6 to 108.4
109,108.5 to 109.5
110,109.6 to 110.4
111,110.5 to 111.5
112,111.6 to 112.4
113,112.5 to 113.5
114,113.6 to 114.4
115,114.5 to 115.5
116,115.6 to 116.4
117,116.5 to 117.5
118,117.6 to 118.4
119,118.5 to 119.5
120,119.6 to 120.4
121,120.5 to 121.5
122,121.6 to 122.4
123,122.5 to 123.5
124,123.6 to 124.4
125,124.5 to 125.5
126,125.6 to 126.4
127,126.5 to 127.5
128,127.6 to 128.4
129,128.5 to 129.5
130,129.6 to 130.4
131,130.5 to 131.5
132,131.6 to 132.4
133,132.5 to 133.5
134,133.6 to 134.4
135,134.5 to 135.5
136,135.6 to 136.4
137,136.5 to 137.5
138,137.6 to 138.4
139,138.5 to 139.5
140,139.6 to 140.4
141,140.5 to 141.5
142,141.6 to 142.4
143,142.5 to 143.5
144,143.6 to 144.4
145,144.5 to 145.5
146,145.6 to 146.4
147,146.5 to 147.5
148,147.6 to 148.4
149,148.5 to 149.5
150,149.6 to 150.4
151,150.5 to 151.5
152,151.6 to 152.4
153,152.5 to 153.5
154,153.6 to 154.4
155,154.5 to 155.5
156,155.6 to 156.4
157,156.5 to 157.5
158,157.6 to 158.4
159,158.5 to 159.5
160,159.6 to 160.4
161,160.5 to 161.5
162,161.6 to 162.4
163,162.5 to 163.5
164,163.6 to 164.4
165,164.5 to 165.5
166,165.6 to 166.4
167,166.5 to 167.5
168,167.6 to 168.4
169,168.5 to 169.5
170,169.6 to 170.4
171,170.5 to 171.5
172,171.6 to 172.4
173,172.5 to 173.5
174,173.6 to 174.4
175,174.5 to 175.5
176,175.6 to 176.4
177,176.5 to 177.5
178,177.6 to 178.4
179,178.5 to 179.5
180,179.6 to 180.4
181,180.5 to 181.5
182,181.6 to 182.4
183,182.5 to 183.5
184,183.6 to 184.4
185,184.5 to 185.5
186,185.6 to 186.4
187,186.5 to 187.5
188,187.6 to 188.4
189,188.5 to 189.5
190,189.6 to 190.4
191,190.5 to 191.5
192,191.6 to 192.4
193,192.5 to 193.5
194,193.6 to 194.4
195,194.5 to 195.5
196,195.6 to 196.4
197,196.5 to 197.5
198,197.6 to 198.4
199,198.5 to 199.5
200,199.6 to 200.4
201,200.5 to 201.5
202,201.6 to 202.4
203,202.5 to 203.5
204,203.6 to 204.4
205,204.5 to 205.5
206,205.6 to 206.4
207,206.5 to 207.5
208,207.6 to 208.4
209,208.5 to 209.5
210,209.6 to 210.4
211,210.5 to 211.5
212,211.6 to 212.4
213,212.5 to 213.5
214,213.6 to 214.4
215,214.5 to 215.5
216,215.6 to 216.4
217,216.5 to 217.5
218,217.6 to 218.4
219,218.5 to 219.5
220,219.6 to 220.4
221,220.5 to 221.5
222,221.6 to 222.4
223,222.5 to 223.5
224,223.6 to 224.4
225,224.5 to 225.5
226,225.6 to 226.4
227,226.5 to 227.5
228,227.6 to 228.4
229,228.5 to 229.5
230,229.6 to 230.4
231,230.5 to 231.5
232,231.6 to 232.4
233,232.5 to 233.5
234,233.6 to 234.4
235,234.5 to 235.5
236,235.6 to 236.4
237,236.5 to 237.5
238,237.6 to 238.4
239,238.5 to 239.5
240,239.6 to 240.4
241,240.5 to 241.5
242,241.6 to 242.4
243,242.5 to 243.5
244,243.6 to 244.4
245,244.5 to 245.5
246,245.6 to 246.4
247,246.5 to 247.5
248,247.6 to 248.4
249,248.5 to 249.5
250,249.6 to 250.4
251,250.5 to 251.5
252,251.6 to 252.4
253,252.5 to 253.5
254,253.6 to 254.4
255,254.5 to 255.5
256,255.6 to 256.4
257,256.5 to 257.5
258,257.6 to 258.4
259,258.5 to 259.5
260,259.6 to 260.4
261,260.5 to 261.5
262,261.6 to 262.4
263,262.5 to 263.5
264,263.6 to 264.4
265,264.5 to 265.5
266,265.6 to 266.4
267,266.5 to 267.5
268,267.6 to 268.4
269,268.5 to 269.5
270,269.6 to 270.4
271,270.5 to 271.5
272,271.6 to 272.4
273,272.5 to 273.5
274,273.6 to 274.4
275,274.5 to 275.5
276,275.6 to 276.4
277,276.5 to 277.5
278,277.6 to 278.4
279,278.5 to 279.5
280,279.6 to 280.4
281,280.5 to 281.5
282,281.6 to 282.4
283,282.5 to 283.5
284,283.6 to 284.4
285,284.5 to 285.5
286,285.6 to 286.4
287,286.5 to 287.5
288,287.6 to 288.4
289,288.5 to 289.5
290,289.6 to 290.4
291,290.5 to 291.5
292,291.6 to 292.4
293,292.5 to 293.5
294,293.6 to 294.4
295,294.5 to 295.5
296,295.6 to 296.4
297,296.5 to 297.5
298,297.6 to 298.4
299,298.5 to 299.5
300,299.6 to 300.4
301,300.5 to 301.5
302,301.6 to 302.4
303,302.5 to 303.5
304,303.6 to 304.4
305,304.5 to 305.5
306,305.6 to 306.4
307,306.5 to 307.5
308,307.6 to 308.4
309,308.5 to 309.5
310,309.6 to 310.4
311,310.5 to 311.5
312,311.6 to 312.4
313,312.5 to 313.5
314,313.6 to 314.4
315,314.5 to 315.5
316,315.6 to 316.4
317,316.5 to 317.5
318,317.6 to 318.4
319,318.5 to 319.5
320,319.6 to 320.4
321,320.5 to 321.5
322,321.6 to 322.4
323,322.5 to 323.5
324,323.6 to 324.4
325,324.5 to 325.5
326,325.6 to 326.4
327,326.5 to 327.5
328,327.6 to 328.4
329,328.5 to 329.5
330,329.6 to 330.4
331,330.5 to 331.5
332,331.6 to 332.4
333,332.5 to 333.5
334,333.6 to 334.4
335,334.5 to 335.5
336,335.6 to 336.4
337,336.5 to 337.5
338,337.6 to 338.4
339,338.5 to 339.5
340,339.6 to 340.4
341,340.5 to 341.5
342,341.6 to 342.4
343,342.5 to 343.5
344,343.6 to 344.4
345,344.5 to 345.5
346,345.6 to 346.4
347,346.5 to 347.5
348,347.6 to 348.4
349,348.5 to 349.5
350,349.6 to 350.4
351,350.5 to 351.5
352,351.6 to 352.4
353,352.5 to 353.5
354,353.6 to 354.4
355,354.5 to 355.5
356,355.6 to 356.4
357,356.5 to 357.5
358,357.6 to 358.4
359,358.5 to 359.5
360,359.6 to 360.4
361,360.5 to 361.5
362,361.6 to 362.4
363,362.5 to 363.5
364,363.6 to 364.4
365,364.5 to 365.5
366,365.6 to 366.4
367,366.5 to 367.5
368,367.6 to 368.4
369,368.5 to 369.5
370,369.6 to 370.4
371,370.5 to 371.5
372,371.6 to 372.4
373,372.5 to 373.5
374,373.6 to 374.4
375,374.5 to 375.5
376,375.6 to 376.4
377,376.5 to 377.5
378,377.6 to 378.4
379,378.5 to 379.5
380,379.6 to 380.4
381,380.5 to 381.5
382,381.6 to 382.4
383,382.5 to 383.5
384,383.6 to 384.4
385,384.5 to 385.5
386,385.6 to 386.4
387,386.5 to 387.5
388,387.6 to 388.4
389,388.5 to 389.5
390,389.6 to 390.4
391,390.5 to 391.5
392,391.6 to 392.4
393,392.5 to 393.5
394,393.6 to 394.4
395,394.5 to 395.5
396,395.6 to 396.4
397,396.5 to 397.5
398,397.6 to 398.4
399,398.5 to 399.5
400,399.6 to 400.4
401,400.5 to 401.5
402,401.6 to 402.4
403,402.5 to 403.5
404,403.6 to 404.4
405,404.5 to 405.5
406,405.6 to 406.4
407,406.5 to 407.5
408,407.6 to 408.4
409,408.5 to 409.5
410,409.6 to 410.4
411,410.5 to 411.5
412,411.6 to 412.4
413,412.5 to 413.5
414,413.6 to 414.4
415,414.5 to 415.5
416,415.6 to 416.4
417,416.5 to 417.5
418,417.6 to 418.4
419,418.5 to 419.5
420,419.6 to 420.4
421,420.5 to 421.5
422,421.6 to 422.4
423,422.5 to 423.5
424,423.6 to 424.4
425,424.5 to 425.5
426,425.6 to 426.4
427,426.5 to 427.5
428,427.6 to 428.4
429,428.5 to 429.5
430,429.6 to 430.4
431,430.5 to 431.5
432,431.6 to 432.4
433,432.5 to 433.5
434,433.6 to 434.4
435,434.5 to 435.5
436,435.6 to 436.4
437,436.5 to 437.5
438,437.6 to 438.4
439,438.5 to 439.5
440,439.6 to 440.4
441,440.5 to 441.5
442,441.6 to 442.4
443,442.5 to 443.5
444,443.6 to 444.4
445,444.5 to 445.5
446,445.6 to 446.4
447,446.5 to 447.5
448,447.6 to 448.4
449,448.5 to 449.5
450,449.6 to 450.4
451,450.5 to 451.5
452,451.6 to 452.4
453,452.5 to 453.5
454,453.6 to 454.4
455,454.5 to 455.5
456,455.6 to 456.4
457,456.5 to 457.5
458,457.6 to 458.4
459,458.5 to 459.5
460,459.6 to 460.4
461,460.5 to 461.5
462,461.6 to 462.4
463,462.5 to 463.5
464,463.6 to 464.4
465,464.5 to 465.5
466,465.6 to 466.4
467,466.5 to 467.5
468,467.6 to 468.4
469,468.5 to 469.5
470,469.6 to 470.4
471,470.5 to 471.5
472,471.6 to 472.4
473,472.5 to 473.5
474,473.6 to 474.4
475,474.5 to 475.5
476,475.6 to 476.4
477,476.5 to 477.5
478,477.6 to 478.4
479,478.5 to 479.5
480,479.6 to 480.4
481,480.5 to 481.5
482,481.6 to 482.4
483,482.5 to 483.5
484,483.6 to 484.4
485,484.5 to 485.5
486,485.6 to 486.4
487,486.5 to 487.5
488,487.6 to 488.4
489,488.5 to 489.5
490,489.6 to 490.4
491,490.5 to 491.5
492,491.6 to 492.4
493,492.5 to 493.5
494,493.6 to 494.4
495,494.5 to 495.5
496,495.6 to 496.4
497,496.5 to 497.5
498,497.6 to 498.4
499,498.5 to 499.5
500,499.6 to 500.4
501,500.5 to 501.5
502,501.6 to 502.4
503,502.5 to 503.5
504,503.6 to 504.4
505,504.5 to 505.5
506,505.6 to 506.4
507,506.5 to 507.5
508,507.6 to 508.4
509,508.5 to 509.5
510,509.6 to 510.4
511,510.5 to 511.5
512,511.6 to 512.4
513,512.5 to 513.5
514,513.6 to 514.4
515,514.5 to 515.5
516,515.6 to 516.4
517,516.5 to 517.5
518,517.6 to 518.4
519,518.5 to 519.5
520,519.6 to 520.4
521,520.5 to 521.5
522,521.6 to 522.4
523,522.5 to 523.5
524,523.6 to 524.4
525,524.5 to 525.5
526,525.6 to 526.4
527,526.5 to 527.5
528,527.6 to 528.4
529,528.5 to 529.5
530,529.6 to 530.4
531,530.5 to 531.5
532,531.6 to 532.4
533,532.5 to 533.5
534,533.6 to 534.4
535,534.5 to 535.5
536,535.6 to 536.4
537,536.5 to 537.5
538,537.6 to 538.4
539,538.5 to 539.5
540,539.6 to 540.4
541,540.5 to 541.5
542,541.6 to 542.4
543,542.5 to 543.5
544,543.6 to 544.4
545,544.5 to 545.5
546,545.6 to 546.4
547,546.5 to 547.5
548,547.6 to 548.4
549,548.5 to 549.5
550,549.6 to 550.4
551,550.5 to 551.5
552,551.6 to 552.4
553,552.5 to 553.5
554,553.6 to 554.4
555,554.5 to 555.5
556,555.6 to 556.4
557,556.5 to 557.5
558,557.6 to 558.4
559,558.5 to 559.5
560,559.6 to 560.4
561,560.5 to 561.5
562,561.6 to 562.4
563,562.5 to 563.5
564,563.6 to 564.4
565,564.5 to 565.5
566,565.6 to 566.4
567,566.5 to 567.5
568,567.6 to 568.4
569,568.5 to 569.5
570,569.6 to 570.4
571,570.5 to 571.5
572,571.6 to 572.4
573,572.5 to 573.5
574,573.6 to 574.4
575,574.5 to 575.5
576,575.6 to 576.4
577,576.5 to 577.5
578,577.6 to 578.4
579,578.5 to 579.5
580,579.6 to 580.4
581,580.5 to 581.5
582,581.6 to 582.4
583,582.5 to 583.5
584,583.6 to 584.4
585,584.5 to 585.5
586,585.6 to 586.4
587,586.5 to 587.5
588,587.6 to 588.4
589,588.5 to 589.5
590,589.6 to 590.4
591,590.5 to 591.5
592,591.6 to 592.4
593,592.5 to 593.5
594,593.6 to 594.4
595,594.5 to 595.5
596,595.6 to 596.4
597,596.5 to 597.5
598,597.6 to 598.4
599,598.5 to 599.5
600,599.6 to 600.4
601,600.5 to 601.5
602,601.6 to 602.4
603,602.5 to 603.5
604,603.6 to 604.4
605,604.5 to 605.5
606,605.6 to 606.4
607,606.5 to 607.5
608,607.6 to 608.4
609,608.5 to 609.5
610,609.6 to 610.4
611,610.5 to 611.5
612,611.6 to 612.4
613,612.5 to 613.5
614,613.6 to 614.4
615,614.5 to 615.5
616,615.6 to 616.4
617,616.5 to 617.5
618,617.6 to 618.4
619,618.5 to 619.5
620,619.6 to 620.4
621,620.5 to 621.5
622,621.6 to 622.4
623,622.5 to 623.5
624,623.6 to 624.4
625,624.5 to 625.5
626,625.6 to 626.4
627,626.5 to 627.5
628,627.6 to 628.4
629,628.5 to 629.5
630,629.6 to 630.4
631,630.5 to 631.5
632,631.6 to 632.4
633,632.5 to 633.5
634,633.6 to 634.4
635,634.5 to 635.5
636,635.6 to 636.4
637,636.5 to 637.5
638,637.6 to 638.4
639,638.5 to 639.5
640,639.6 to 640.4
641,640.5 to 641.5
642,641.6 to 642.4
643,642.5 to 643.5
644,643.6 to 644.4
645,644.5 to 645.5
646,645.6 to 646.4
647,646.5 to 647.5
648,647.6 to 648.4
649,648.5 to 649.5
650,649.6 to 650.4
651,650.5 to 651.5
652,651.6 to 652.4
653,652.5 to 653.5
654,653.6 to 654.4
655,654.5 to 655.5
656,655.6 to 656.4
657,656.5 to 657.5
658,657.6 to 658.4
659,658.5 to 659.5
660,659.6 to 660.4
661,660.5 to 661.5
662,661.6 to 662.4
663,662.5 to 663.5
664,663.6 to 664.4
665,664.5 to 665.5
666,665.6 to 666.4
667,666.5 to 667.5
668,667.6 to 668.4
669,668.5 to 669.5
670,669.6 to 670.4
671,670.5 to 671.5
672,671.6 to 672.4
673,672.5 to 673.5
674,673.6 to 674.4
675,674.5 to 675.5
676,675.6 to 676.4
677,676.5 to 677.5
678,677.6 to 678.4
679,678.5 to 679.5
680,679.6 to 680.4
681,680.5 to 681.5
682,681.6 to 682.4
683,682.5 to 683.5
684,683.6 to 684.4
685,684.5 to 685.5
686,685.6 to 686.4
687,686.5 to 687.5
688,687.6 to 688.4
689,688.5 to 689.5
690,689.6 to 690.4
691,690.5 to 691.5
692,691.6 to 692.4
693,692.5 to 693.5
694,693.6 to 694.4
695,694.5 to 695.5
696,695.6 to 696.4
697,696.5 to 697.5
698,697.6 to 698.4
699,698.5 to 699.5
700,699.6 to 700.4
701,700.5 to 701.5
702,701.6 to 702.4
703,702.5 to 703.5
704,703.6 to 704.4
705,704.5 to 705.5
706,705.6 to 706.4
707,706.5 to 707.5
708,707.6 to 708.4
709,708.5 to 709.5
710,709.6 to 710.4
711,710.5 to 711.5
712,711.6 to 712.4
713,712.5 to 713.5
714,713.6 to 714.4
715,714.5 to 715.5
716,715.6 to 716.4
717,716.5 to 717.5
718,717.6 to 718.4
719,718.5 to 719.5
720,719.6 to 720.4
721,720.5 to 721.5
722,721.6 to 722.4
723,722.5 to 723.5
724,723.6 to 724.4
725,724.5 to 725.5
726,725.6 to 726.4
727,726.5 to 727.5
728,727.6 to 728.4
729,728.5 to 729.5
730,729.6 to 730.4
731,730.5 to 731.5
732,731.6 to 732.4
733,732.5 to 733.5
734,733.6 to 734.4
735,734.5 to 735.5
736,735.6 to 736.4
737,736.5 to 737.5
738,737.6 to 738.4
739,738.5 to 739.5
740,739.6 to 740.4
741,740.5 to 741.5
742,741.6 to 742.4
743,742.5 to 743.5
744,743.6 to 744.4
745,744.5 to 745.5
746,745.6 to 746.4
747,746.5 to 747.5
748,747.6 to 748.4
749,748.5 to 749.5
750,749.6 to 750.4
751,750.5 to 751.5
752,751.6 to 752.4
753,752.5 to 753.5
754,753.6 to 754.4
755,754.5 to 755.5
756,755.6 to 756.4
757,756.5 to 757.5
758,757.6 to 758.4
759,758.5 to 759.5
760,759.6 to 760.4
761,760.5 to 761.5
762,761.6 to 762.4
763,762.5 to 763.5
764,763.6 to 764.4
765,764.5 to 765.5
766,765.6 to 766.4
767,766.5 to 767.5
768,767.6 to 768.4
769,768.5 to 769.5
770,769.6 to 770.4
771,770.5 to 771.5
772,771.6 to 772.4
773,772.5 to 773.5
774,773.6 to 774.4
775,774.5 to 775.5
776,775.6 to 776.4
777,776.5 to 777.5
778,777.6 to 778.4
779,778.5 to 779.5
780,779.6 to 780.4
781,780.5 to 781.5
782,781.6 to 782.4
783,782.5 to 783.5
784,783.6 to 784.4
785,784.5 to 785.5
786,785.6 to 786.4
787,786.5 to 787.5
788,787.6 to 788.4
789,788.5 to 789.5
790,789.6 to 790.4
791,790.5 to 791.5
792,791.6 to 792.4
793,792.5 to 793.5
794,793.6 to 794.4
795,794.5 to 795.5
796,795.6 to 796.4
797,796.5 to 797.5
798,797.6 to 798.4
799,798.5 to 799.5
800,799.6 to 800.4
801,800.5 to 801.5
802,801.6 to 802.4
803,802.5 to 803.5
804,803.6 to 804.4
805,804.5 to 805.5
806,805.6 to 806.4
807,806.5 to 807.5
808,807.6 to 808.4
809,808.5 to 809.5
810,809.6 to 810.4
811,810.5 to 811.5
812,811.6 to 812.4
813,812.5 to 813.5
814,813.6 to 814.4
815,814.5 to 815.5
816,815.6 to 816.4
817,816.5 to 817.5
818,817.6 to 818.4
819,818.5 to 819.5
820,819.6 to 820.4
821,820.5 to 821.5
822,821.6 to 822.4
823,822.5 to 823.5
824,823.6 to 824.4
825,824.5 to 825.5
826,825.6 to 826.4
827,826.5 to 827.5
828,827.6 to 828.4
829,828.5 to 829.5
830,829.6 to 830.4
831,830.5 to 831.5
832,831.6 to 832.4
833,832.5 to 833.5
834,833.6 to 834.4
835,834.5 to 835.5
836,835.6 to 836.4
837,836.5 to 837.5
838,837.6 to 838.4
839,838.5 to 839.5
840,839.6 to 840.4
841,840.5 to 841.5
842,841.6 to 842.4
843,842.5 to 843.5
844,843.6 to 844.4
845,844.5 to 845.5
846,845.6 to 846.4
847,846.5 to 847.5
848,847.6 to 848.4
849,848.5 to 849.5
850,849.6 to 850.4
851,850.5 to 851.5
852,851.6 to 852.4
853,852.5 to 853.5
854,853.6 to 854.4
855,854.5 to 855.5
856,855.6 to 856.4
857,856.5 to 857.5
858,857.6 to 858.4
859,858.5 to 859.5
860,859.6 to 860.4
861,860.5 to 861.5
862,861.6 to 862.4
863,862.5 to 863.5
864,863.6 to 864.4
865,864.5 to 865.5
866,865.6 to 866.4
867,866.5 to 867.5
868,867.6 to 868.4
869,868.5 to 869.5
870,869.6 to 870.4
871,870.5 to 871.5
872,871.6 to 872.4
873,872.5 to 873.5
874,873.6 to 874.4
875,874.5 to 875.5
876,875.6 to 876.4
877,876.5 to 877.5
878,877.6 to 878.4
879,878.5 to 879.5
880,879.6 to 880.4
881,880.5 to 881.5
882,881.6 to 882.4
883,882.5 to 883.5
884,883.6 to 884.4
885,884.5 to 885.5
886,885.6 to 886.4
887,886.5 to 887.5
888,887.6 to 888.4
889,888.5 to 889.5
890,889.6 to 890.4
891,890.5 to 891.5
892,891.6 to 892.4
893,892.5 to 893.5
894,893.6 to 894.4
895,894.5 to 895.5
896,895.6 to 896.4
897,896.5 to 897.5
898,897.6 to 898.4
899,898.5 to 899.5
900,899.6 to 900.4
901,900.5 to 901.5
902,901.6 to 902.4
903,902.5 to 903.5
904,903.6 to 904.4
905,904.5 to 905.5
906,905.6 to 906.4
907,906.5 to 907.5
908,907.6 to 908.4
909,908.5 to 909.5
910,909.6 to 910.4
911,910.5 to 911.5
912,911.6 to 912.4
913,912.5 to 913.5
914,913.6 to 914.4
915,914.5 to 915.5
916,915.6 to 916.4
917,916.5 to 917.5
918,917.6 to 918.4
919,918.5 to 919.5
920,919.6 to 920.4
921,920.5 to 921.5
922,921.6 to 922.4
923,922.5 to 923.5
924,923.6 to 924.4
925,924.5 to 925.5
926,925.6 to 926.4
927,926.5 to 927.5
928,927.6 to 928.4
929,928.5 to 929.5
930,929.6 to 930.4
931,930.5 to 931.5
932,931.6 to 932.4
933,932.5 to 933.5
934,933.6 to 934.4
935,934.5 to 935.5
936,935.6 to 936.4
937,936.5 to 937.5
938,937.6 to 938.4
939,938.5 to 939.5
940,939.6 to 940.4
941,940.5 to 941.5
942,941.6 to 942.4
943,942.5 to 943.5
944,943.6 to 944.4
945,944.5 to 945.5
946,945.6 to 946.4
947,946.5 to 947.5
948,947.6 to 948.4
949,948.5 to 949.5
950,949.6 to 950.4
951,950.5 to 951.5
952,951.6 to 952.4
953,952.5 to 953.5
954,953.6 to 954.4
955,954.5 to 955.5
956,955.6 to 956.4
957,956.5 to 957.5
958,957.6 to 958.4
959,958.5 to 959.5
960,959.6 to 960.4
961,960.5 to 961.5
962,961.6 to 962.4
963,962.5 to 963.5
964,963.6 to 964.4
965,964.5 to 965.5
966,965.6 to 966.4
967,966.5 to 967.5
968,967.6 to 968.4
969,968.5 to 969.5
970,969.6 to 970.4
971,970.5 to 971.5
972,971.6 to 972.4
973,972.5 to 973.5
974,973.6 to 974.4
975,974.5 to 975.5
976,975.6 to 976.4
977,976.5 to 977.5
978,977.6 to 978.4
979,978.5 to 979.5
980,979.6 to 980.4
981,980.5 to 981.5
982,981.6 to 982.4
983,982.5 to 983.5
984,983.6 to 984.4
985,984.5 to 985.5
986,985.6 to 986.4
987,986.5 to 987.5
988,987.6 to 988.4
989,988.5 or More
990,Trace
991,0.1
992,0.2
993,0.3
994,0.4
995,0.5
996,0.6
997,0.7
998,0.8
999,0.9
1000,1
1001,1.1
1002,1.2
1003,1.3
1004,1.4
1005,1.5
1006,1.6
1007,1.7
1008,1.8
1009,1.9
1010,2
1011,2.1
1012,2.2
1013,2.3
1014,2.4
1015,2.5
1016,2.6
1017,2.7
1018,2.8
1019,2.9
1020,3
1021,3.1
1022,3.2
1023,3.3
1024,3.4
1025,3.5
1026,3.6
1027,3.7
1028,3.8
1029,3.9
1030,4
1031,4.1
1032,4.2
1033,4.3
1034,4.4
1035,4.5
1036,4.6
1037,4.7
1038,4.8
1039,4.9
1040,5
1041,5.1
1042,5.2
1043,5.3
1044,5.4
1045,5.5
1046,5.6
1047,5.7
1048,5.8
1049,5.9
1050,6
1051,6.1
1052,6.2
1053,6.3
1054,6.4
1055,6.5
1056,6.6
1057,6.7
1058,6.8
1059,6.9
1060,7
1061,7.1
1062,7.2
1063,7.3
1064,7.4
1065,7.5
1066,7.6
1067,7.7
1068,7.8
1069,7.9
1070,8
1071,8.1
1072,8.2
1073,8.3
1074,8.4
1075,8.5
1076,8.6
1077,8.7
1078,8.8
1079,8.9
1080,9
1081,9.1
1082,9.2
1083,9.3
1084,9.4
1085,9.5
1086,9.6
1087,9.7
1088,9.8
1089,9.9
1090,10
1091,10.1
1092,10.2
1093,10.3
1094,10.4
1095,10.5
1096,10.6
1097,10.7
1098,10.8
1099,10.9
1100,11
1101,11.1
1102,11.2
1103,11.3
1104,11.4
1105,11.5
1106,11.6
1107,11.7
1108,11.8
1109,11.9
1110,12
1111,12.1
1112,12.2
1113,12.3
1114,12.4
1115,12.5
1116,12.6
1117,12.7
1118,12.8
1119,12.9
1120,13
1121,13.1
1122,13.2
1123,13.3
1124,13.4
1125,13.5
1126,13.6
1127,13.7
1128,13.8
1129,13.9
1130,14
1131,14.1
1132,14.2
1133,14.3
1134,14.4
1135,14.5
1136,14.6
1137,14.7
1138,14.8
1139,14.9
1140,15
1141,15.1
1142,15.2
1143,15.3
1144,15.4
1145,15.5
1146,15.6
1147,15.7
1148,15.8
1149,15.9
1150,16
1151,16.1
1152,16.2
1153,16.3
1154,16.4
1155,16.5
1156,16.6
1157,16.7
1158,16.8
1159,16.9
1160,17
1161,17.1
1162,17.2
1163,17.3
1164,17.4
1165,17.5
1166,17.6
1167,17.7
1168,17.8
1169,17.9
1170,18
1171,18.1
1172,18.2
1173,18.3
1174,18.4
1175,18.5
1176,18.6
1177,18.7
1178,18.8
1179,18.9
1180,19
1181,19.1
1182,19.2
1183,19.3
1184,19.4
1185,19.5
1186,19.6
1187,19.7
1188,19.8
1189,19.9
1190,20
1191,20.1
1192,20.2
1193,20.3
1194,20.4
1195,20.5
1196,20.6
1197,20.7
1198,20.8
1199,20.9
1200,21
1201,21.1
1202,21.2
1203,21.3
1204,21.4
1205,21.5
1206,21.6
1207,21.7
1208,21.8
1209,21.9
1210,22
1211,22.1
1212,22.2
1213,22.3
1214,22.4
1215,22.5
1216,22.6
1217,22.7
1218,22.8
1219,22.9
1220,23
1221,23.1
1222,23.2
1223,23.3
1224,23.4
1225,23.5
1226,23.6
1227,23.7
1228,23.8
1229,23.9
1230,24
1231,24.1
1232,24.2
1233,24.3
1234,24.4
1235,24.5
1236,24.6
1237,24.7
1238,24.8
1239,24.9
1240,25
1241,25.1
1242,25.2
1243,25.3
1244,25.4
1245,25.5
1246,25.6
1247,25.7
1248,25.8
1249,25.9
1250,26
1251,26.1
1252,26.2
1253,26.3
1254,26.4
1255,26.5
1256,26.6
1257,26.7
1258,26.8
1259,26.9
1260,27
1261,27.1
1262,27.2
1263,27.3
1264,27.4
1265,27.5
1266,27.6
1267,27.7
1268,27.8
1269,27.9
1270,28
1271,28.1
1272,28.2
1273,28.3
1274,28.4
1275,28.5
1276,28.6
1277,28.7
1278,28.8
1279,28.9
1280,29
1281,29.1
1282,29.2
1283,29.3
1284,29.4
1285,29.5
1286,29.6
1287,29.7
1288,29.8
1289,29.9
1290,30
1291,30.1
1292,30.2
1293,30.3
1294,30.4
1295,30.5
1296,30.6
1297,30.7
1298,30.8
1299,30.9
1300,31
1301,31.1
1302,31.2
1303,31.3
1304,31.4
1305,31.5
1306,31.6
1307,31.7
1308,31.8
1309,31.9
1310,32
1311,32.1
1312,32.2
1313,32.3
1314,32.4
1315,32.5
1316,32.6
1317,32.7
1318,32.8
1319,32.9
1320,33
1321,33.1
1322,33.2
1323,33.3
1324,33.4
1325,33.5
1326,33.6
1327,33.7
1328,33.8
1329,33.9
1330,34
1331,34.1
1332,34.2
1333,34.3
1334,34.4
1335,34.5
1336,34.6
1337,34.7
1338,34.8
1339,34.9
1340,35
1341,35.1
1342,35.2
1343,35.3
1344,35.4
1345,35.5
1346,35.6
1347,35.7
1348,35.8
1349,35.9
1350,36
1351,36.1
1352,36.2
1353,36.3
1354,36.4
1355,36.5
1356,36.6
1357,36.7
1358,36.8
1359,36.9
1360,37
1361,37.1
1362,37.2
1363,37.3
1364,37.4
1365,37.5
1366,37.6
1367,37.7
1368,37.8
1369,37.9
1370,38
1371,38.1
1372,38.2
1373,38.3
1374,38.4
1375,38.5
1376,38.6
1377,38.7
1378,38.8
1379,38.9
1380,39
1381,39.1
1382,39.2
1383,39.3
1384,39.4
1385,39.5
1386,39.6
1387,39.7
1388,39.8
1389,39.9
1390,40
1391,40.1
1392,40.2
1393,40.3
1394,40.4
1395,40.5
1396,40.6
1397,40.7
1398,40.8
1399,40.9
1400,41
1401,41.1
1402,41.2
1403,41.3
1404,41.4
1405,41.5
1406,41.6
1407,41.7
1408,41.8
1409,41.9
1410,42
1411,42.1
1412,42.2
1413,42.3
1414,42.4
1415,42.5
1416,42.6
1417,42.7
1418,42.8
1419,42.9
1420,43
1421,43.1
1422,43.2
1423,43.3
1424,43.4
1425,43.5
1426,43.6
1427,43.7
1428,43.8
1429,43.9
1430,44
1431,44.1
1432,44.2
1433,44.3
1434,44.4
1435,44.5
1436,44.6
1437,44.7
1438,44.8
1439,44.9
1440,45
1441,45.1
1442,45.2
1443,45.3
1444,45.4
1445,45.5
1446,45.6
1447,45.7
1448,45.8
1449,45.9
1450,46
1451,46.1
1452,46.2
1453,46.3
1454,46.4
1455,46.5
1456,46.6
1457,46.7
1458,46.8
1459,46.9
1460,47
1461,47.1
1462,47.2
1463,47.3
1464,47.4
1465,47.5
1466,47.6
1467,47.7
1468,47.8
1469,47.9
1470,48
1471,48.1
1472,48.2
1473,48.3
1474,48.4
1475,48.5
1476,48.6
1477,48.7
1478,48.8
1479,48.9
1480,49
1481,49.1
1482,49.2
1483,49.3
1484,49.4
1485,49.5
1486,49.6
1487,49.7
1488,49.8
1489,49.9
1490,50
1491,50.1
1492,50.2
1493,50.3
1494,50.4
1495,50.5
1496,50.6
1497,50.7
1498,50.8
1499,50.9
1500,51
